{
  "accuracy": 0.8416666666666667,
  "precision_macro": 0.8427673306506449,
  "recall_macro": 0.8416666666666667,
  "f1_macro": 0.8415394580649467,
  "classification_report": {
    "0": {
      "precision": 0.8233438485804416,
      "recall": 0.87,
      "f1-score": 0.8460291734197731,
      "support": 300.0
    },
    "1": {
      "precision": 0.8621908127208481,
      "recall": 0.8133333333333334,
      "f1-score": 0.8370497427101201,
      "support": 300.0
    },
    "accuracy": 0.8416666666666667,
    "macro avg": {
      "precision": 0.8427673306506449,
      "recall": 0.8416666666666667,
      "f1-score": 0.8415394580649467,
      "support": 600.0
    },
    "weighted avg": {
      "precision": 0.8427673306506449,
      "recall": 0.8416666666666667,
      "f1-score": 0.8415394580649466,
      "support": 600.0
    }
  },
  "confusion_matrix": [
    [
      261,
      39
    ],
    [
      56,
      244
    ]
  ]
}