{
  "accuracy": 0.8433333333333334,
  "precision_macro": 0.8445737990097686,
  "recall_macro": 0.8433333333333333,
  "f1_macro": 0.8431922063190205,
  "classification_report": {
    "0": {
      "precision": 0.8238993710691824,
      "recall": 0.8733333333333333,
      "f1-score": 0.8478964401294499,
      "support": 300.0
    },
    "1": {
      "precision": 0.8652482269503546,
      "recall": 0.8133333333333334,
      "f1-score": 0.8384879725085911,
      "support": 300.0
    },
    "accuracy": 0.8433333333333334,
    "macro avg": {
      "precision": 0.8445737990097686,
      "recall": 0.8433333333333333,
      "f1-score": 0.8431922063190205,
      "support": 600.0
    },
    "weighted avg": {
      "precision": 0.8445737990097685,
      "recall": 0.8433333333333334,
      "f1-score": 0.8431922063190206,
      "support": 600.0
    }
  },
  "confusion_matrix": [
    [
      262,
      38
    ],
    [
      56,
      244
    ]
  ]
}