{
  "accuracy": 0.8883333333333333,
  "precision_macro": 0.8883376481960911,
  "recall_macro": 0.8883333333333334,
  "f1_macro": 0.8883330231472866,
  "classification_report": {
    "0": {
      "precision": 0.8896321070234113,
      "recall": 0.8866666666666667,
      "f1-score": 0.8881469115191987,
      "support": 300.0
    },
    "1": {
      "precision": 0.8870431893687708,
      "recall": 0.89,
      "f1-score": 0.8885191347753744,
      "support": 300.0
    },
    "accuracy": 0.8883333333333333,
    "macro avg": {
      "precision": 0.8883376481960911,
      "recall": 0.8883333333333334,
      "f1-score": 0.8883330231472866,
      "support": 600.0
    },
    "weighted avg": {
      "precision": 0.8883376481960911,
      "recall": 0.8883333333333333,
      "f1-score": 0.8883330231472866,
      "support": 600.0
    }
  },
  "confusion_matrix": [
    [
      266,
      34
    ],
    [
      33,
      267
    ]
  ]
}