{
  "accuracy": 0.9083333333333333,
  "precision_macro": 0.8905568922830143,
  "recall_macro": 0.9199999999999999,
  "f1_macro": 0.9010289985034385,
  "classification_report": {
    "0": {
      "precision": 0.8059071729957806,
      "recall": 0.955,
      "f1-score": 0.8741418764302059,
      "support": 200.0
    },
    "1": {
      "precision": 0.9752066115702479,
      "recall": 0.885,
      "f1-score": 0.927916120576671,
      "support": 400.0
    },
    "accuracy": 0.9083333333333333,
    "macro avg": {
      "precision": 0.8905568922830143,
      "recall": 0.9199999999999999,
      "f1-score": 0.9010289985034385,
      "support": 600.0
    },
    "weighted avg": {
      "precision": 0.9187734653787587,
      "recall": 0.9083333333333333,
      "f1-score": 0.9099913725278493,
      "support": 600.0
    }
  },
  "confusion_matrix": [
    [
      191,
      9
    ],
    [
      46,
      354
    ]
  ]
}