{
  "accuracy": 0.06166666666666667,
  "precision_macro": 0.04557926423186553,
  "recall_macro": 0.04833333333333333,
  "f1_macro": 0.04180743646956026,
  "classification_report": {
    "0": {
      "precision": 0.05426356589147287,
      "recall": 0.105,
      "f1-score": 0.07155025553662692,
      "support": 200.0
    },
    "1": {
      "precision": 0.08247422680412371,
      "recall": 0.04,
      "f1-score": 0.05387205387205387,
      "support": 400.0
    },
    "2": {
      "precision": 0.0,
      "recall": 0.0,
      "f1-score": 0.0,
      "support": 0.0
    },
    "accuracy": 0.06166666666666667,
    "macro avg": {
      "precision": 0.04557926423186553,
      "recall": 0.04833333333333333,
      "f1-score": 0.04180743646956026,
      "support": 600.0
    },
    "weighted avg": {
      "precision": 0.07307067316657342,
      "recall": 0.06166666666666667,
      "f1-score": 0.05976478776024488,
      "support": 600.0
    }
  },
  "confusion_matrix": [
    [
      21,
      178,
      1
    ],
    [
      366,
      16,
      18
    ],
    [
      0,
      0,
      0
    ]
  ]
}