{
  "accuracy": 0.9455,
  "precision_macro": 0.9423810184161154,
  "recall_macro": 0.93425,
  "f1_macro": 0.938128645052961,
  "classification_report": {
    "0": {
      "precision": 0.933644375324002,
      "recall": 0.9005,
      "f1-score": 0.9167727157037414,
      "support": 2000.0
    },
    "1": {
      "precision": 0.951117661508229,
      "recall": 0.968,
      "f1-score": 0.9594845744021806,
      "support": 4000.0
    },
    "accuracy": 0.9455,
    "macro avg": {
      "precision": 0.9423810184161154,
      "recall": 0.93425,
      "f1-score": 0.938128645052961,
      "support": 6000.0
    },
    "weighted avg": {
      "precision": 0.9452932327801533,
      "recall": 0.9455,
      "f1-score": 0.9452472881693675,
      "support": 6000.0
    }
  },
  "confusion_matrix": [
    [
      1801,
      199
    ],
    [
      128,
      3872
    ]
  ]
}