{
  "accuracy": 0.7244444444444444,
  "precision_macro": 0.7323107372587827,
  "recall_macro": 0.7608333333333333,
  "f1_macro": 0.7185726894464759,
  "classification_report": {
    "0": {
      "precision": 0.5553191489361702,
      "recall": 0.87,
      "f1-score": 0.6779220779220779,
      "support": 300.0
    },
    "1": {
      "precision": 0.9093023255813953,
      "recall": 0.6516666666666666,
      "f1-score": 0.7592233009708738,
      "support": 600.0
    },
    "accuracy": 0.7244444444444444,
    "macro avg": {
      "precision": 0.7323107372587827,
      "recall": 0.7608333333333333,
      "f1-score": 0.7185726894464759,
      "support": 900.0
    },
    "weighted avg": {
      "precision": 0.7913079333663202,
      "recall": 0.7244444444444444,
      "f1-score": 0.7321228932879418,
      "support": 900.0
    }
  },
  "confusion_matrix": [
    [
      261,
      39
    ],
    [
      209,
      391
    ]
  ]
}