{
  "accuracy": 0.5744444444444444,
  "precision_macro": 0.6429949028791845,
  "recall_macro": 0.6441666666666667,
  "f1_macro": 0.5744313096083212,
  "classification_report": {
    "0": {
      "precision": 0.43025210084033616,
      "recall": 0.8533333333333334,
      "f1-score": 0.5720670391061452,
      "support": 300.0
    },
    "1": {
      "precision": 0.8557377049180328,
      "recall": 0.435,
      "f1-score": 0.5767955801104973,
      "support": 600.0
    },
    "accuracy": 0.5744444444444444,
    "macro avg": {
      "precision": 0.6429949028791845,
      "recall": 0.6441666666666667,
      "f1-score": 0.5744313096083212,
      "support": 900.0
    },
    "weighted avg": {
      "precision": 0.7139091702254672,
      "recall": 0.5744444444444444,
      "f1-score": 0.5752193997757131,
      "support": 900.0
    }
  },
  "confusion_matrix": [
    [
      256,
      44
    ],
    [
      339,
      261
    ]
  ]
}