{
  "accuracy": 0.9476666666666667,
  "precision_macro": 0.9440152677332165,
  "recall_macro": 0.9376249999999999,
  "f1_macro": 0.9407041178283456,
  "classification_report": {
    "0": {
      "precision": 0.933641975308642,
      "recall": 0.9075,
      "f1-score": 0.9203853955375254,
      "support": 2000.0
    },
    "1": {
      "precision": 0.9543885601577909,
      "recall": 0.96775,
      "f1-score": 0.9610228401191658,
      "support": 4000.0
    },
    "accuracy": 0.9476666666666667,
    "macro avg": {
      "precision": 0.9440152677332165,
      "recall": 0.9376249999999999,
      "f1-score": 0.9407041178283456,
      "support": 6000.0
    },
    "weighted avg": {
      "precision": 0.9474730318747412,
      "recall": 0.9476666666666667,
      "f1-score": 0.9474770252586191,
      "support": 6000.0
    }
  },
  "confusion_matrix": [
    [
      1815,
      185
    ],
    [
      129,
      3871
    ]
  ]
}